,rackLabel,idracIP,Id,VolatileSizeMiB,PartNumber,SerialNumber
0,frost,10.243.19.160,iDRAC.Embedded.1#DIMMSLOTA1,0,HMA84GR7AFR4N-VK,51DE8ABA
1,frost,10.243.19.160,iDRAC.Embedded.1#DIMMSLOTA2,0,HMA84GR7AFR4N-VK,51DE8ACD
2,frost,10.243.19.160,iDRAC.Embedded.1#DIMMSLOTA3,0,HMA84GR7AFR4N-VK,51DE8ABB
3,frost,10.243.19.160,iDRAC.Embedded.1#DIMMSLOTA4,0,HMA84GR7AFR4N-VK,51DE8AA9
4,frost,10.243.19.160,iDRAC.Embedded.1#DIMMSLOTA5,0,HMA84GR7AFR4N-VK,420918C8
5,frost,10.243.19.160,iDRAC.Embedded.1#DIMMSLOTA6,0,HMA84GR7AFR4N-VK,4209182B
6,frost,10.243.19.160,iDRAC.Embedded.1#DIMMSLOTB1,0,HMA84GR7AFR4N-VK,420917FE
7,frost,10.243.19.160,iDRAC.Embedded.1#DIMMSLOTB2,0,HMA84GR7AFR4N-VK,420918B3
8,frost,10.243.19.160,iDRAC.Embedded.1#DIMMSLOTB3,0,HMA84GR7AFR4N-VK,42091806
9,frost,10.243.19.160,iDRAC.Embedded.1#DIMMSLOTB4,0,HMA84GR7AFR4N-VK,420917BE
10,frost,10.243.19.160,iDRAC.Embedded.1#DIMMSLOTB5,0,HMA84GR7AFR4N-VK,42091829
11,frost,10.243.19.160,iDRAC.Embedded.1#DIMMSLOTB6,0,HMA84GR7AFR4N-VK,42091828
0,frost,10.243.19.162,iDRAC.Embedded.1#DIMMSLOTA1,0,HMA84GR7AFR4N-VK,117D4D42
1,frost,10.243.19.162,iDRAC.Embedded.1#DIMMSLOTA2,0,HMA84GR7AFR4N-VK,117D4D41
2,frost,10.243.19.162,iDRAC.Embedded.1#DIMMSLOTA3,0,HMA84GR7AFR4N-VK,117D4DB0
3,frost,10.243.19.162,iDRAC.Embedded.1#DIMMSLOTA4,0,HMA84GR7AFR4N-VK,117D4D15
4,frost,10.243.19.162,iDRAC.Embedded.1#DIMMSLOTA5,0,HMA84GR7AFR4N-VK,117D4DA5
5,frost,10.243.19.162,iDRAC.Embedded.1#DIMMSLOTA6,0,HMA84GR7AFR4N-VK,117D4D83
6,frost,10.243.19.162,iDRAC.Embedded.1#DIMMSLOTB1,0,HMA84GR7AFR4N-VK,117D4911
7,frost,10.243.19.162,iDRAC.Embedded.1#DIMMSLOTB2,0,HMA84GR7AFR4N-VK,117D491E
8,frost,10.243.19.162,iDRAC.Embedded.1#DIMMSLOTB3,0,HMA84GR7AFR4N-VK,117D4934
9,frost,10.243.19.162,iDRAC.Embedded.1#DIMMSLOTB4,0,HMA84GR7AFR4N-VK,117D48A8
10,frost,10.243.19.162,iDRAC.Embedded.1#DIMMSLOTB5,0,HMA84GR7AFR4N-VK,117D4880
11,frost,10.243.19.162,iDRAC.Embedded.1#DIMMSLOTB6,0,HMA84GR7AFR4N-VK,117D48CC
0,frost,10.243.19.163,iDRAC.Embedded.1#DIMMSLOTA1,0,HMA84GR7AFR4N-VK,117D4D98
1,frost,10.243.19.163,iDRAC.Embedded.1#DIMMSLOTA2,0,HMA84GR7AFR4N-VK,117D4CED
2,frost,10.243.19.163,iDRAC.Embedded.1#DIMMSLOTA3,0,HMA84GR7AFR4N-VK,117D4D97
3,frost,10.243.19.163,iDRAC.Embedded.1#DIMMSLOTA4,0,HMA84GR7AFR4N-VK,117D4CE7
4,frost,10.243.19.163,iDRAC.Embedded.1#DIMMSLOTA5,0,HMA84GR7AFR4N-VK,117D4836
5,frost,10.243.19.163,iDRAC.Embedded.1#DIMMSLOTA6,0,HMA84GR7AFR4N-VK,117D4882
6,frost,10.243.19.163,iDRAC.Embedded.1#DIMMSLOTB1,0,HMA84GR7AFR4N-VK,117D48D1
7,frost,10.243.19.163,iDRAC.Embedded.1#DIMMSLOTB2,0,HMA84GR7AFR4N-VK,117D487C
8,frost,10.243.19.163,iDRAC.Embedded.1#DIMMSLOTB3,0,HMA84GR7AFR4N-VK,117D48FF
9,frost,10.243.19.163,iDRAC.Embedded.1#DIMMSLOTB4,0,HMA84GR7AFR4N-VK,117D4839
10,frost,10.243.19.163,iDRAC.Embedded.1#DIMMSLOTB5,0,HMA84GR7AFR4N-VK,117D48C0
11,frost,10.243.19.163,iDRAC.Embedded.1#DIMMSLOTB6,0,HMA84GR7AFR4N-VK,117D4840
0,frost,10.243.19.164,iDRAC.Embedded.1#DIMMSLOTA1,0,HMA84GR7AFR4N-VK,51DDDE05
1,frost,10.243.19.164,iDRAC.Embedded.1#DIMMSLOTA2,0,HMA84GR7AFR4N-VK,51DDDD2B
2,frost,10.243.19.164,iDRAC.Embedded.1#DIMMSLOTA3,0,HMA84GR7AFR4N-VK,51DDDD13
3,frost,10.243.19.164,iDRAC.Embedded.1#DIMMSLOTA4,0,HMA84GR7AFR4N-VK,51DDDCF1
4,frost,10.243.19.164,iDRAC.Embedded.1#DIMMSLOTA5,0,HMA84GR7AFR4N-VK,117D48B2
5,frost,10.243.19.164,iDRAC.Embedded.1#DIMMSLOTA6,0,HMA84GR7AFR4N-VK,117D4919
6,frost,10.243.19.164,iDRAC.Embedded.1#DIMMSLOTB1,0,HMA84GR7AFR4N-VK,117D4810
7,frost,10.243.19.164,iDRAC.Embedded.1#DIMMSLOTB2,0,HMA84GR7AFR4N-VK,117D4877
8,frost,10.243.19.164,iDRAC.Embedded.1#DIMMSLOTB3,0,HMA84GR7AFR4N-VK,117D4815
9,frost,10.243.19.164,iDRAC.Embedded.1#DIMMSLOTB4,0,HMA84GR7AFR4N-VK,117D4886
10,frost,10.243.19.164,iDRAC.Embedded.1#DIMMSLOTB5,0,HMA84GR7AFR4N-VK,117D480F
11,frost,10.243.19.164,iDRAC.Embedded.1#DIMMSLOTB6,0,HMA84GR7AFR4N-VK,117D489D
0,frost,10.243.19.165,iDRAC.Embedded.1#DIMMSLOTA1,0,HMA84GR7AFR4N-VK,51DE8B84
1,frost,10.243.19.165,iDRAC.Embedded.1#DIMMSLOTA2,0,HMA84GR7AFR4N-VK,51DE8AF5
2,frost,10.243.19.165,iDRAC.Embedded.1#DIMMSLOTA3,0,HMA84GR7AFR4N-VK,51DE8B65
3,frost,10.243.19.165,iDRAC.Embedded.1#DIMMSLOTA4,0,HMA84GR7AFR4N-VK,51DE8AF1
4,frost,10.243.19.165,iDRAC.Embedded.1#DIMMSLOTA5,0,HMA84GR7AFR4N-VK,51DECCAF
5,frost,10.243.19.165,iDRAC.Embedded.1#DIMMSLOTA6,0,HMA84GR7AFR4N-VK,51DE8B22
6,frost,10.243.19.165,iDRAC.Embedded.1#DIMMSLOTB1,0,HMA84GR7AFR4N-VK,51DE8BB2
7,frost,10.243.19.165,iDRAC.Embedded.1#DIMMSLOTB2,0,HMA84GR7AFR4N-VK,51DE8AC9
8,frost,10.243.19.165,iDRAC.Embedded.1#DIMMSLOTB3,0,HMA84GR7AFR4N-VK,51DE8B17
9,frost,10.243.19.165,iDRAC.Embedded.1#DIMMSLOTB4,0,HMA84GR7AFR4N-VK,51DE8B75
10,frost,10.243.19.165,iDRAC.Embedded.1#DIMMSLOTB5,0,HMA84GR7AFR4N-VK,51DE8B0C
11,frost,10.243.19.165,iDRAC.Embedded.1#DIMMSLOTB6,0,HMA84GR7AFR4N-VK,51DE8AC2
0,frost,10.243.19.166,iDRAC.Embedded.1#DIMMSLOTA1,0,HMA84GR7AFR4N-VK,117D5125
1,frost,10.243.19.166,iDRAC.Embedded.1#DIMMSLOTA2,0,HMA84GR7AFR4N-VK,117D508D
2,frost,10.243.19.166,iDRAC.Embedded.1#DIMMSLOTA3,0,HMA84GR7AFR4N-VK,117D508F
3,frost,10.243.19.166,iDRAC.Embedded.1#DIMMSLOTA4,0,HMA84GR7AFR4N-VK,117D511E
4,frost,10.243.19.166,iDRAC.Embedded.1#DIMMSLOTA5,0,HMA84GR7AFR4N-VK,117D50FA
5,frost,10.243.19.166,iDRAC.Embedded.1#DIMMSLOTA6,0,HMA84GR7AFR4N-VK,117D50FD
6,frost,10.243.19.166,iDRAC.Embedded.1#DIMMSLOTB1,0,HMA84GR7AFR4N-VK,117D50DF
7,frost,10.243.19.166,iDRAC.Embedded.1#DIMMSLOTB2,0,HMA84GR7AFR4N-VK,117D5155
8,frost,10.243.19.166,iDRAC.Embedded.1#DIMMSLOTB3,0,HMA84GR7AFR4N-VK,117D50F5
9,frost,10.243.19.166,iDRAC.Embedded.1#DIMMSLOTB4,0,HMA84GR7AFR4N-VK,117D50A0
10,frost,10.243.19.166,iDRAC.Embedded.1#DIMMSLOTB5,0,HMA84GR7AFR4N-VK,117D50B2
11,frost,10.243.19.166,iDRAC.Embedded.1#DIMMSLOTB6,0,HMA84GR7AFR4N-VK,117D5073
0,frost,10.243.19.167,iDRAC.Embedded.1#DIMMSLOTA1,0,HMA84GR7AFR4N-VK,117D5100
1,frost,10.243.19.167,iDRAC.Embedded.1#DIMMSLOTA2,0,HMA84GR7AFR4N-VK,117D50EC
2,frost,10.243.19.167,iDRAC.Embedded.1#DIMMSLOTA3,0,HMA84GR7AFR4N-VK,117D50FB
3,frost,10.243.19.167,iDRAC.Embedded.1#DIMMSLOTA4,0,HMA84GR7AFR4N-VK,117D50D6
4,frost,10.243.19.167,iDRAC.Embedded.1#DIMMSLOTA5,0,HMA84GR7AFR4N-VK,117D50B1
5,frost,10.243.19.167,iDRAC.Embedded.1#DIMMSLOTA6,0,HMA84GR7AFR4N-VK,117D50B7
6,frost,10.243.19.167,iDRAC.Embedded.1#DIMMSLOTB1,0,HMA84GR7AFR4N-VK,117D50B6
7,frost,10.243.19.167,iDRAC.Embedded.1#DIMMSLOTB2,0,HMA84GR7AFR4N-VK,117D50B9
8,frost,10.243.19.167,iDRAC.Embedded.1#DIMMSLOTB3,0,HMA84GR7AFR4N-VK,117D50B8
9,frost,10.243.19.167,iDRAC.Embedded.1#DIMMSLOTB4,0,HMA84GR7AFR4N-VK,117D50BC
10,frost,10.243.19.167,iDRAC.Embedded.1#DIMMSLOTB5,0,HMA84GR7AFR4N-VK,117D5078
11,frost,10.243.19.167,iDRAC.Embedded.1#DIMMSLOTB6,0,HMA84GR7AFR4N-VK,117D5077
0,frost,10.243.19.168,iDRAC.Embedded.1#DIMMSLOTA1,0,HMA84GR7AFR4N-VK,51DDDBD7
1,frost,10.243.19.168,iDRAC.Embedded.1#DIMMSLOTA2,0,HMA84GR7AFR4N-VK,51DDDD9C
2,frost,10.243.19.168,iDRAC.Embedded.1#DIMMSLOTA3,0,HMA84GR7AFR4N-VK,51DDDDBC
3,frost,10.243.19.168,iDRAC.Embedded.1#DIMMSLOTA4,0,HMA84GR7AFR4N-VK,51DDDE08
4,frost,10.243.19.168,iDRAC.Embedded.1#DIMMSLOTA5,0,HMA84GR7AFR4N-VK,51DDDD1B
5,frost,10.243.19.168,iDRAC.Embedded.1#DIMMSLOTA6,0,HMA84GR7AFR4N-VK,51DDDDFE
6,frost,10.243.19.168,iDRAC.Embedded.1#DIMMSLOTB1,0,HMA84GR7AFR4N-VK,42091817
7,frost,10.243.19.168,iDRAC.Embedded.1#DIMMSLOTB2,0,HMA84GR7AFR4N-VK,4209188B
8,frost,10.243.19.168,iDRAC.Embedded.1#DIMMSLOTB3,0,HMA84GR7AFR4N-VK,4209184E
9,frost,10.243.19.168,iDRAC.Embedded.1#DIMMSLOTB4,0,HMA84GR7AFR4N-VK,51DC684C
10,frost,10.243.19.168,iDRAC.Embedded.1#DIMMSLOTB5,0,HMA84GR7AFR4N-VK,51DC67DF
11,frost,10.243.19.168,iDRAC.Embedded.1#DIMMSLOTB6,0,HMA84GR7AFR4N-VK,51DC6786
0,frost,10.243.19.169,iDRAC.Embedded.1#DIMMSLOTA1,0,HMA84GR7AFR4N-VK,51DE5294
1,frost,10.243.19.169,iDRAC.Embedded.1#DIMMSLOTA2,0,HMA84GR7AFR4N-VK,51DDD9D0
2,frost,10.243.19.169,iDRAC.Embedded.1#DIMMSLOTA3,0,HMA84GR7AFR4N-VK,51DDDA47
3,frost,10.243.19.169,iDRAC.Embedded.1#DIMMSLOTA4,0,HMA84GR7AFR4N-VK,51DE8BBC
4,frost,10.243.19.169,iDRAC.Embedded.1#DIMMSLOTA5,0,HMA84GR7AFR4N-VK,51DE8B9B
5,frost,10.243.19.169,iDRAC.Embedded.1#DIMMSLOTA6,0,HMA84GR7AFR4N-VK,51DC6203
6,frost,10.243.19.169,iDRAC.Embedded.1#DIMMSLOTB1,0,HMA84GR7AFR4N-VK,51DE8B7F
7,frost,10.243.19.169,iDRAC.Embedded.1#DIMMSLOTB2,0,HMA84GR7AFR4N-VK,420918D0
8,frost,10.243.19.169,iDRAC.Embedded.1#DIMMSLOTB3,0,HMA84GR7AFR4N-VK,4209180D
9,frost,10.243.19.169,iDRAC.Embedded.1#DIMMSLOTB4,0,HMA84GR7AFR4N-VK,51DE8B50
10,frost,10.243.19.169,iDRAC.Embedded.1#DIMMSLOTB5,0,HMA84GR7AFR4N-VK,51DE8B54
11,frost,10.243.19.169,iDRAC.Embedded.1#DIMMSLOTB6,0,HMA84GR7AFR4N-VK,51DE8AE3
0,frost,10.243.19.171,iDRAC.Embedded.1#DIMMSLOTA1,0,HMA82GR7AFR8N-VK,32881587
1,frost,10.243.19.171,iDRAC.Embedded.1#DIMMSLOTA2,0,HMA82GR7AFR8N-VK,3288156E
2,frost,10.243.19.171,iDRAC.Embedded.1#DIMMSLOTA3,0,HMA82GR7AFR8N-VK,3288157A
3,frost,10.243.19.171,iDRAC.Embedded.1#DIMMSLOTA4,0,HMA82GR7AFR8N-VK,328815BE
0,shipyard,10.243.19.140,DIMM.Socket.B5,16384,HMA82GR7AFR8N-VK,921E288D
1,shipyard,10.243.19.140,DIMM.Socket.B2,16384,HMA82GR7AFR8N-VK,921E2918
2,shipyard,10.243.19.140,DIMM.Socket.B6,16384,HMA82GR7AFR8N-VK,921E291D
3,shipyard,10.243.19.140,DIMM.Socket.A3,16384,HMA82GR7AFR8N-VK,921E28F1
4,shipyard,10.243.19.140,DIMM.Socket.A6,16384,HMA82GR7AFR8N-VK,921E2924
5,shipyard,10.243.19.140,DIMM.Socket.A5,16384,HMA82GR7AFR8N-VK,921E28EA
6,shipyard,10.243.19.140,DIMM.Socket.B3,16384,HMA82GR7AFR8N-VK,921E2917
7,shipyard,10.243.19.140,DIMM.Socket.A4,16384,HMA82GR7AFR8N-VK,921E28F3
8,shipyard,10.243.19.140,DIMM.Socket.A1,16384,HMA82GR7AFR8N-VK,921E282C
9,shipyard,10.243.19.140,DIMM.Socket.A2,16384,HMA82GR7AFR8N-VK,921E28E9
10,shipyard,10.243.19.140,DIMM.Socket.B1,16384,HMA82GR7AFR8N-VK,921E291A
11,shipyard,10.243.19.140,DIMM.Socket.B4,16384,HMA82GR7AFR8N-VK,921E291B
0,shipyard,10.243.19.141,DIMM.Socket.B6,16384,HMA82GR7AFR8N-VK,921E282D
1,shipyard,10.243.19.141,DIMM.Socket.A3,16384,HMA82GR7AFR8N-VK,921E285E
2,shipyard,10.243.19.141,DIMM.Socket.B4,16384,HMA82GR7AFR8N-VK,921E2841
3,shipyard,10.243.19.141,DIMM.Socket.B5,16384,HMA82GR7AFR8N-VK,921E2840
4,shipyard,10.243.19.141,DIMM.Socket.B3,16384,HMA82GR7AFR8N-VK,921E284B
5,shipyard,10.243.19.141,DIMM.Socket.A6,16384,HMA82GR7AFR8N-VK,921E284A
6,shipyard,10.243.19.141,DIMM.Socket.B2,16384,HMA82GR7AFR8N-VK,921E2828
7,shipyard,10.243.19.141,DIMM.Socket.B1,16384,HMA82GR7AFR8N-VK,921E283D
8,shipyard,10.243.19.141,DIMM.Socket.A2,16384,HMA82GR7AFR8N-VK,921E285F
9,shipyard,10.243.19.141,DIMM.Socket.A1,16384,HMA82GR7AFR8N-VK,921E2860
10,shipyard,10.243.19.141,DIMM.Socket.A5,16384,HMA82GR7AFR8N-VK,921E2849
11,shipyard,10.243.19.141,DIMM.Socket.A4,16384,HMA82GR7AFR8N-VK,921E282B
0,shipyard,10.243.19.142,DIMM.Socket.B6,16384,HMA82GR7AFR8N-VK,5217DD83
1,shipyard,10.243.19.142,DIMM.Socket.B5,16384,HMA82GR7AFR8N-VK,5217DCB6
2,shipyard,10.243.19.142,DIMM.Socket.B4,16384,HMA82GR7AFR8N-VK,5217DD3E
3,shipyard,10.243.19.142,DIMM.Socket.A2,16384,HMA82GR7AFR8N-VK,5217DD77
4,shipyard,10.243.19.142,DIMM.Socket.A1,16384,HMA82GR7AFR8N-VK,5217DCD0
5,shipyard,10.243.19.142,DIMM.Socket.A6,16384,HMA82GR7AFR8N-VK,5217DD2C
6,shipyard,10.243.19.142,DIMM.Socket.B1,16384,HMA82GR7AFR8N-VK,5217DCAC
7,shipyard,10.243.19.142,DIMM.Socket.B2,16384,HMA82GR7AFR8N-VK,5217DCB3
8,shipyard,10.243.19.142,DIMM.Socket.B3,16384,HMA82GR7AFR8N-VK,5217DD66
9,shipyard,10.243.19.142,DIMM.Socket.A5,16384,HMA82GR7AFR8N-VK,5217DCB2
10,shipyard,10.243.19.142,DIMM.Socket.A3,16384,HMA82GR7AFR8N-VK,5217DD5D
11,shipyard,10.243.19.142,DIMM.Socket.A4,16384,HMA82GR7AFR8N-VK,5217DD67
0,shipyard,10.243.19.143,DIMM.Socket.B5,16384,HMA82GR7AFR8N-VK,5217DD61
1,shipyard,10.243.19.143,DIMM.Socket.B3,16384,HMA82GR7AFR8N-VK,5217DC96
2,shipyard,10.243.19.143,DIMM.Socket.A6,16384,HMA82GR7AFR8N-VK,5217DD75
3,shipyard,10.243.19.143,DIMM.Socket.B6,16384,HMA82GR7AFR8N-VK,5217DD62
4,shipyard,10.243.19.143,DIMM.Socket.B4,16384,HMA82GR7AFR8N-VK,5217DCB5
5,shipyard,10.243.19.143,DIMM.Socket.B1,16384,HMA82GR7AFR8N-VK,5217DD39
6,shipyard,10.243.19.143,DIMM.Socket.A5,16384,HMA82GR7AFR8N-VK,5217DD8F
7,shipyard,10.243.19.143,DIMM.Socket.A4,16384,HMA82GR7AFR8N-VK,5217DD6F
8,shipyard,10.243.19.143,DIMM.Socket.A1,16384,HMA82GR7AFR8N-VK,5217DD31
9,shipyard,10.243.19.143,DIMM.Socket.A3,16384,HMA82GR7AFR8N-VK,5217DCD4
10,shipyard,10.243.19.143,DIMM.Socket.B2,16384,HMA82GR7AFR8N-VK,5217DD4C
11,shipyard,10.243.19.143,DIMM.Socket.A2,16384,HMA82GR7AFR8N-VK,5217DD0E
0,shipyard,10.243.19.144,DIMM.Socket.A6,16384,HMA82GR7AFR8N-VK,91DBA71E
1,shipyard,10.243.19.144,DIMM.Socket.B3,16384,HMA82GR7AFR8N-VK,91DBA745
2,shipyard,10.243.19.144,DIMM.Socket.B2,16384,HMA82GR7AFR8N-VK,91DBA70F
3,shipyard,10.243.19.144,DIMM.Socket.B4,16384,HMA82GR7AFR8N-VK,91DBA7A3
4,shipyard,10.243.19.144,DIMM.Socket.B1,16384,HMA82GR7AFR8N-VK,91DBA817
5,shipyard,10.243.19.144,DIMM.Socket.B6,16384,HMA82GR7AFR8N-VK,91DBA7A6
6,shipyard,10.243.19.144,DIMM.Socket.A4,16384,HMA82GR7AFR8N-VK,91DBA7B1
7,shipyard,10.243.19.144,DIMM.Socket.B5,16384,HMA82GR7AFR8N-VK,91DBA818
8,shipyard,10.243.19.144,DIMM.Socket.A1,16384,HMA82GR7AFR8N-VK,91DBA74C
9,shipyard,10.243.19.144,DIMM.Socket.A3,16384,HMA82GR7AFR8N-VK,91DBA73A
10,shipyard,10.243.19.144,DIMM.Socket.A2,16384,HMA82GR7AFR8N-VK,91DBA719
11,shipyard,10.243.19.144,DIMM.Socket.A5,16384,HMA82GR7AFR8N-VK,91DBA746
0,shipyard,10.243.19.145,DIMM.Socket.B1,16384,HMA82GR7AFR8N-VK,91DBA7A1
1,shipyard,10.243.19.145,DIMM.Socket.A4,16384,HMA82GR7AFR8N-VK,91DBA7AB
2,shipyard,10.243.19.145,DIMM.Socket.A3,16384,HMA82GR7AFR8N-VK,71BED036
3,shipyard,10.243.19.145,DIMM.Socket.A5,16384,HMA82GR7AFR8N-VK,91DBA7A2
4,shipyard,10.243.19.145,DIMM.Socket.B4,16384,HMA82GR7AFR8N-VK,91DBA821
5,shipyard,10.243.19.145,DIMM.Socket.B5,16384,HMA82GR7AFR8N-VK,91DBA767
6,shipyard,10.243.19.145,DIMM.Socket.B2,16384,HMA82GR7AFR8N-VK,91DBA7C9
7,shipyard,10.243.19.145,DIMM.Socket.B3,16384,HMA82GR7AFR8N-VK,91DBA7A8
8,shipyard,10.243.19.145,DIMM.Socket.A6,16384,HMA82GR7AFR8N-VK,91DBA7FC
9,shipyard,10.243.19.145,DIMM.Socket.A2,16384,HMA82GR7AFR8N-VK,71BED06D
10,shipyard,10.243.19.145,DIMM.Socket.A1,16384,HMA82GR7AFR8N-VK,91DBA7A4
11,shipyard,10.243.19.145,DIMM.Socket.B6,16384,HMA82GR7AFR8N-VK,91DBA816
0,shipyard,10.243.19.146,DIMM.Socket.A4,16384,HMA82GR7AFR8N-VK,91DBA806
1,shipyard,10.243.19.146,DIMM.Socket.A6,16384,HMA82GR7AFR8N-VK,91DBA805
2,shipyard,10.243.19.146,DIMM.Socket.B2,16384,HMA82GR7AFR8N-VK,91DBA802
3,shipyard,10.243.19.146,DIMM.Socket.B4,16384,HMA82GR7AFR8N-VK,71BEC1A8
4,shipyard,10.243.19.146,DIMM.Socket.A3,16384,HMA82GR7AFR8N-VK,91DBA80F
5,shipyard,10.243.19.146,DIMM.Socket.B3,16384,HMA82GR7AFR8N-VK,91DBA80C
6,shipyard,10.243.19.146,DIMM.Socket.B1,16384,HMA82GR7AFR8N-VK,71BEC1E2
7,shipyard,10.243.19.146,DIMM.Socket.B6,16384,HMA82GR7AFR8N-VK,71BEC1AE
8,shipyard,10.243.19.146,DIMM.Socket.A2,16384,HMA82GR7AFR8N-VK,71BAF708
9,shipyard,10.243.19.146,DIMM.Socket.A5,16384,HMA82GR7AFR8N-VK,91DBA792
10,shipyard,10.243.19.146,DIMM.Socket.B5,16384,HMA82GR7AFR8N-VK,71BEC1F5
11,shipyard,10.243.19.146,DIMM.Socket.A1,16384,HMA82GR7AFR8N-VK,71BB5277
0,shipyard,10.243.19.147,DIMM.Socket.B3,16384,HMA82GR7AFR8N-VK,71BED08D
1,shipyard,10.243.19.147,DIMM.Socket.B4,16384,HMA82GR7AFR8N-VK,91DBA7C1
2,shipyard,10.243.19.147,DIMM.Socket.A6,16384,HMA82GR7AFR8N-VK,71BED0EA
3,shipyard,10.243.19.147,DIMM.Socket.B2,16384,HMA82GR7AFR8N-VK,71BED044
4,shipyard,10.243.19.147,DIMM.Socket.A3,16384,HMA82GR7AFR8N-VK,71BED02B
5,shipyard,10.243.19.147,DIMM.Socket.A5,16384,HMA82GR7AFR8N-VK,71BED0CC
6,shipyard,10.243.19.147,DIMM.Socket.A4,16384,HMA82GR7AFR8N-VK,71BED037
7,shipyard,10.243.19.147,DIMM.Socket.A1,16384,HMA82GR7AFR8N-VK,71BED03B
8,shipyard,10.243.19.147,DIMM.Socket.B5,16384,HMA82GR7AFR8N-VK,91DBA7C8
9,shipyard,10.243.19.147,DIMM.Socket.B6,16384,HMA82GR7AFR8N-VK,91DBA7C3
10,shipyard,10.243.19.147,DIMM.Socket.B1,16384,HMA82GR7AFR8N-VK,91DBA808
11,shipyard,10.243.19.147,DIMM.Socket.A2,16384,HMA82GR7AFR8N-VK,71BED030
0,shipyard,10.243.19.148,DIMM.Socket.A3,16384,HMA82GR7AFR8N-VK,71BED02E
1,shipyard,10.243.19.148,DIMM.Socket.B2,16384,HMA82GR7AFR8N-VK,71BED110
2,shipyard,10.243.19.148,DIMM.Socket.A6,16384,HMA82GR7AFR8N-VK,91EC1A41
3,shipyard,10.243.19.148,DIMM.Socket.A2,16384,HMA82GR7AFR8N-VK,71BED07D
4,shipyard,10.243.19.148,DIMM.Socket.B1,16384,HMA82GR7AFR8N-VK,91DBA824
5,shipyard,10.243.19.148,DIMM.Socket.B5,16384,HMA82GR7AFR8N-VK,91DBA7AA
6,shipyard,10.243.19.148,DIMM.Socket.B6,16384,HMA82GR7AFR8N-VK,91DBA7AE
7,shipyard,10.243.19.148,DIMM.Socket.B3,16384,HMA82GR7AFR8N-VK,71BED119
8,shipyard,10.243.19.148,DIMM.Socket.B4,16384,HMA82GR7AFR8N-VK,91DBA815
9,shipyard,10.243.19.148,DIMM.Socket.A4,16384,HMA82GR7AFR8N-VK,71BED05D
10,shipyard,10.243.19.148,DIMM.Socket.A1,16384,HMA82GR7AFR8N-VK,71BED02A
11,shipyard,10.243.19.148,DIMM.Socket.A5,16384,HMA82GR7AFR8N-VK,91EC1B04
0,shipyard,10.243.19.149,DIMM.Socket.B2,16384,HMA82GR7AFR8N-VK,71BED092
1,shipyard,10.243.19.149,DIMM.Socket.B1,16384,HMA82GR7AFR8N-VK,91DBA73D
2,shipyard,10.243.19.149,DIMM.Socket.A5,16384,HMA82GR7AFR8N-VK,71BED10D
3,shipyard,10.243.19.149,DIMM.Socket.A3,16384,HMA82GR7AFR8N-VK,71BED04E
4,shipyard,10.243.19.149,DIMM.Socket.A4,16384,HMA82GR7AFR8N-VK,71BECFFA
5,shipyard,10.243.19.149,DIMM.Socket.A1,16384,HMA82GR7AFR8N-VK,71BED058
6,shipyard,10.243.19.149,DIMM.Socket.A6,16384,HMA82GR7AFR8N-VK,71BED0C8
7,shipyard,10.243.19.149,DIMM.Socket.B4,16384,HMA82GR7AFR8N-VK,91DBA7B8
8,shipyard,10.243.19.149,DIMM.Socket.B5,16384,HMA82GR7AFR8N-VK,91DBA73C
9,shipyard,10.243.19.149,DIMM.Socket.B3,16384,HMA82GR7AFR8N-VK,71BED09A
10,shipyard,10.243.19.149,DIMM.Socket.A2,16384,HMA82GR7AFR8N-VK,71BED004
11,shipyard,10.243.19.149,DIMM.Socket.B6,16384,HMA82GR7AFR8N-VK,91DBA7BF
0,shipyard,10.243.19.151,DIMM.Socket.A2,16384,HMA82GR7AFR8N-VK,328815C3
1,shipyard,10.243.19.151,DIMM.Socket.A3,16384,HMA82GR7AFR8N-VK,3288154C
2,shipyard,10.243.19.151,DIMM.Socket.A4,16384,HMA82GR7AFR8N-VK,32881546
3,shipyard,10.243.19.151,DIMM.Socket.A1,16384,HMA82GR7AFR8N-VK,32880F72
0,founders,10.243.19.186,DIMM.Socket.A4,32768,HMA84GR7AFR4N-VK,51DE8B1E
1,founders,10.243.19.186,DIMM.Socket.A5,32768,HMA84GR7AFR4N-VK,51DE8B30
2,founders,10.243.19.186,DIMM.Socket.A2,32768,HMA84GR7AFR4N-VK,51DE8ACB
3,founders,10.243.19.186,DIMM.Socket.A3,32768,HMA84GR7AFR4N-VK,51DE8B8F
4,founders,10.243.19.186,DIMM.Socket.B1,32768,HMA84GR7AFR4N-VK,4209188A
5,founders,10.243.19.186,DIMM.Socket.B5,32768,HMA84GR7AFR4N-VK,420918B5
6,founders,10.243.19.186,DIMM.Socket.B2,32768,HMA84GR7AFR4N-VK,420917FD
7,founders,10.243.19.186,DIMM.Socket.B3,32768,HMA84GR7AFR4N-VK,42091825
8,founders,10.243.19.186,DIMM.Socket.B6,32768,HMA84GR7AFR4N-VK,51DC6208
9,founders,10.243.19.186,DIMM.Socket.A6,32768,HMA84GR7AFR4N-VK,51DE8B76
10,founders,10.243.19.186,DIMM.Socket.B4,32768,HMA84GR7AFR4N-VK,420917EF
11,founders,10.243.19.186,DIMM.Socket.A1,32768,HMA84GR7AFR4N-VK,51DE8AF6
0,founders,10.243.19.187,DIMM.Socket.B2,32768,HMA84GR7AFR4N-VK,4209186E
1,founders,10.243.19.187,DIMM.Socket.A4,32768,HMA84GR7AFR4N-VK,51DDDCF5
2,founders,10.243.19.187,DIMM.Socket.A1,32768,HMA84GR7AFR4N-VK,51DDDDF1
3,founders,10.243.19.187,DIMM.Socket.A3,32768,HMA84GR7AFR4N-VK,51DDDCFA
4,founders,10.243.19.187,DIMM.Socket.B1,32768,HMA84GR7AFR4N-VK,42091816
5,founders,10.243.19.187,DIMM.Socket.A5,32768,HMA84GR7AFR4N-VK,51DDDDF6
6,founders,10.243.19.187,DIMM.Socket.B3,32768,HMA84GR7AFR4N-VK,420918D7
7,founders,10.243.19.187,DIMM.Socket.A2,32768,HMA84GR7AFR4N-VK,51DDDD27
8,founders,10.243.19.187,DIMM.Socket.B4,32768,HMA84GR7AFR4N-VK,42091800
9,founders,10.243.19.187,DIMM.Socket.A6,32768,HMA84GR7AFR4N-VK,51DC68DC
10,founders,10.243.19.187,DIMM.Socket.B6,32768,HMA84GR7AFR4N-VK,420917DF
11,founders,10.243.19.187,DIMM.Socket.B5,32768,HMA84GR7AFR4N-VK,4209184B
0,founders,10.243.19.188,DIMM.Socket.A6,32768,HMA84GR7AFR4N-VK,51DC6273
1,founders,10.243.19.188,DIMM.Socket.B6,32768,HMA84GR7AFR4N-VK,51DC6252
2,founders,10.243.19.188,DIMM.Socket.A4,32768,HMA84GR7AFR4N-VK,420918CD
3,founders,10.243.19.188,DIMM.Socket.B3,32768,HMA84GR7AFR4N-VK,51DC6264
4,founders,10.243.19.188,DIMM.Socket.B1,32768,HMA84GR7AFR4N-VK,51DC6271
5,founders,10.243.19.188,DIMM.Socket.A5,32768,HMA84GR7AFR4N-VK,51DC61F7
6,founders,10.243.19.188,DIMM.Socket.A1,32768,HMA84GR7AFR4N-VK,42091879
7,founders,10.243.19.188,DIMM.Socket.A2,32768,HMA84GR7AFR4N-VK,420918B7
8,founders,10.243.19.188,DIMM.Socket.B2,32768,HMA84GR7AFR4N-VK,51DC621A
9,founders,10.243.19.188,DIMM.Socket.A3,32768,HMA84GR7AFR4N-VK,420918B8
10,founders,10.243.19.188,DIMM.Socket.B5,32768,HMA84GR7AFR4N-VK,71B97894
11,founders,10.243.19.188,DIMM.Socket.B4,32768,HMA84GR7AFR4N-VK,51DC7336
0,founders,10.243.19.189,DIMM.Socket.A6,32768,HMA84GR7AFR4N-VK,117D5122
1,founders,10.243.19.189,DIMM.Socket.A4,32768,HMA84GR7AFR4N-VK,117D516A
2,founders,10.243.19.189,DIMM.Socket.B2,32768,HMA84GR7AFR4N-VK,117D506A
3,founders,10.243.19.189,DIMM.Socket.B1,32768,HMA84GR7AFR4N-VK,117D506C
4,founders,10.243.19.189,DIMM.Socket.B4,32768,HMA84GR7AFR4N-VK,117D5108
5,founders,10.243.19.189,DIMM.Socket.A2,32768,HMA84GR7AFR4N-VK,117D513A
6,founders,10.243.19.189,DIMM.Socket.B3,32768,HMA84GR7AFR4N-VK,117D510E
7,founders,10.243.19.189,DIMM.Socket.A1,32768,HMA84GR7AFR4N-VK,117D514A
8,founders,10.243.19.189,DIMM.Socket.B6,32768,HMA84GR7AFR4N-VK,117D50FC
9,founders,10.243.19.189,DIMM.Socket.A5,32768,HMA84GR7AFR4N-VK,117D50EB
10,founders,10.243.19.189,DIMM.Socket.A3,32768,HMA84GR7AFR4N-VK,117D50C8
11,founders,10.243.19.189,DIMM.Socket.B5,32768,HMA84GR7AFR4N-VK,117D510B
0,founders,10.243.19.190,DIMM.Socket.B5,32768,HMA84GR7AFR4N-VK,51DC67AB
1,founders,10.243.19.190,DIMM.Socket.B4,32768,HMA84GR7AFR4N-VK,51DC67B2
2,founders,10.243.19.190,DIMM.Socket.B1,32768,HMA84GR7AFR4N-VK,51DC672D
3,founders,10.243.19.190,DIMM.Socket.A6,32768,HMA84GR7AFR4N-VK,117D4D4F
4,founders,10.243.19.190,DIMM.Socket.B2,32768,HMA84GR7AFR4N-VK,51DC67D1
5,founders,10.243.19.190,DIMM.Socket.B3,32768,HMA84GR7AFR4N-VK,51DC66E6
6,founders,10.243.19.190,DIMM.Socket.A4,32768,HMA84GR7AFR4N-VK,117D4D37
7,founders,10.243.19.190,DIMM.Socket.A1,32768,HMA84GR7AFR4N-VK,117D4DA2
8,founders,10.243.19.190,DIMM.Socket.B6,32768,HMA84GR7AFR4N-VK,51DC672E
9,founders,10.243.19.190,DIMM.Socket.A5,32768,HMA84GR7AFR4N-VK,117D4CF6
10,founders,10.243.19.190,DIMM.Socket.A2,32768,HMA84GR7AFR4N-VK,117D4DB3
11,founders,10.243.19.190,DIMM.Socket.A3,32768,HMA84GR7AFR4N-VK,117D4D99
0,founders,10.243.19.191,DIMM.Socket.B1,32768,HMA84GR7AFR4N-VK,51DE8AA0
1,founders,10.243.19.191,DIMM.Socket.A6,32768,HMA84GR7AFR4N-VK,51DE8AEB
2,founders,10.243.19.191,DIMM.Socket.B3,32768,HMA84GR7AFR4N-VK,51DE8ADC
3,founders,10.243.19.191,DIMM.Socket.A4,32768,HMA84GR7AFR4N-VK,51DE8B27
4,founders,10.243.19.191,DIMM.Socket.B5,32768,HMA84GR7AFR4N-VK,51DE8A9B
5,founders,10.243.19.191,DIMM.Socket.B4,32768,HMA84GR7AFR4N-VK,51DE8ABD
6,founders,10.243.19.191,DIMM.Socket.A2,32768,HMA84GR7AFR4N-VK,51DE8B6A
7,founders,10.243.19.191,DIMM.Socket.B2,32768,HMA84GR7AFR4N-VK,51DE8BAA
8,founders,10.243.19.191,DIMM.Socket.A3,32768,HMA84GR7AFR4N-VK,51DE8B67
9,founders,10.243.19.191,DIMM.Socket.A1,32768,HMA84GR7AFR4N-VK,51DE8B6C
10,founders,10.243.19.191,DIMM.Socket.A5,32768,HMA84GR7AFR4N-VK,51DE8B62
11,founders,10.243.19.191,DIMM.Socket.B6,32768,HMA84GR7AFR4N-VK,51DE8B5D
0,founders,10.243.19.192,DIMM.Socket.A5,32768,HMA84GR7AFR4N-VK,42091868
1,founders,10.243.19.192,DIMM.Socket.B6,32768,HMA84GR7AFR4N-VK,4209183C
2,founders,10.243.19.192,DIMM.Socket.A4,32768,HMA84GR7AFR4N-VK,420917E5
3,founders,10.243.19.192,DIMM.Socket.A1,32768,HMA84GR7AFR4N-VK,42091863
4,founders,10.243.19.192,DIMM.Socket.A6,32768,HMA84GR7AFR4N-VK,42091826
5,founders,10.243.19.192,DIMM.Socket.B1,32768,HMA84GR7AFR4N-VK,42091882
6,founders,10.243.19.192,DIMM.Socket.A2,32768,HMA84GR7AFR4N-VK,42091809
7,founders,10.243.19.192,DIMM.Socket.B5,32768,HMA84GR7AFR4N-VK,4209189B
8,founders,10.243.19.192,DIMM.Socket.B2,32768,HMA84GR7AFR4N-VK,42091895
9,founders,10.243.19.192,DIMM.Socket.A3,32768,HMA84GR7AFR4N-VK,42091811
10,founders,10.243.19.192,DIMM.Socket.B3,32768,HMA84GR7AFR4N-VK,42091886
11,founders,10.243.19.192,DIMM.Socket.B4,32768,HMA84GR7AFR4N-VK,4209188F
0,founders,10.243.19.193,DIMM.Socket.B6,32768,HMA84GR7AFR4N-VK,117D514B
1,founders,10.243.19.193,DIMM.Socket.B2,32768,HMA84GR7AFR4N-VK,117D506D
2,founders,10.243.19.193,DIMM.Socket.B5,32768,HMA84GR7AFR4N-VK,117D5147
3,founders,10.243.19.193,DIMM.Socket.A3,32768,HMA84GR7AFR4N-VK,117D509D
4,founders,10.243.19.193,DIMM.Socket.A1,32768,HMA84GR7AFR4N-VK,117D5157
5,founders,10.243.19.193,DIMM.Socket.A6,32768,HMA84GR7AFR4N-VK,117D5148
6,founders,10.243.19.193,DIMM.Socket.B3,32768,HMA84GR7AFR4N-VK,117D5135
7,founders,10.243.19.193,DIMM.Socket.A2,32768,HMA84GR7AFR4N-VK,117D5063
8,founders,10.243.19.193,DIMM.Socket.B1,32768,HMA84GR7AFR4N-VK,117D516F
9,founders,10.243.19.193,DIMM.Socket.B4,32768,HMA84GR7AFR4N-VK,117D5146
10,founders,10.243.19.193,DIMM.Socket.A5,32768,HMA84GR7AFR4N-VK,117D50E1
11,founders,10.243.19.193,DIMM.Socket.A4,32768,HMA84GR7AFR4N-VK,117D50F3
0,founders,10.243.19.194,DIMM.Socket.B6,32768,HMA84GR7AFR4N-VK,51DE8B7C
1,founders,10.243.19.194,DIMM.Socket.B2,32768,HMA84GR7AFR4N-VK,51DE8ABE
2,founders,10.243.19.194,DIMM.Socket.A1,32768,HMA84GR7AFR4N-VK,51DE8B36
3,founders,10.243.19.194,DIMM.Socket.A6,32768,HMA84GR7AFR4N-VK,51DE8B90
4,founders,10.243.19.194,DIMM.Socket.B4,32768,HMA84GR7AFR4N-VK,51DE8B43
5,founders,10.243.19.194,DIMM.Socket.A5,32768,HMA84GR7AFR4N-VK,51DE8AE9
6,founders,10.243.19.194,DIMM.Socket.B1,32768,HMA84GR7AFR4N-VK,51DE8B48
7,founders,10.243.19.194,DIMM.Socket.A4,32768,HMA84GR7AFR4N-VK,51DE8B4B
8,founders,10.243.19.194,DIMM.Socket.B3,32768,HMA84GR7AFR4N-VK,51DE8B06
9,founders,10.243.19.194,DIMM.Socket.A2,32768,HMA84GR7AFR4N-VK,51DE8AFB
10,founders,10.243.19.194,DIMM.Socket.B5,32768,HMA84GR7AFR4N-VK,51DE8B8D
11,founders,10.243.19.194,DIMM.Socket.A3,32768,HMA84GR7AFR4N-VK,51DE8BAE
0,founders,10.243.19.195,DIMM.Socket.B2,32768,HMA84GR7AFR4N-VK,117D48E6
1,founders,10.243.19.195,DIMM.Socket.B6,32768,HMA84GR7AFR4N-VK,117D482E
2,founders,10.243.19.195,DIMM.Socket.A6,32768,HMA84GR7AFR4N-VK,51DDDE0A
3,founders,10.243.19.195,DIMM.Socket.B1,32768,HMA84GR7AFR4N-VK,117D48C1
4,founders,10.243.19.195,DIMM.Socket.B5,32768,HMA84GR7AFR4N-VK,117D480C
5,founders,10.243.19.195,DIMM.Socket.A5,32768,HMA84GR7AFR4N-VK,51DDDE03
6,founders,10.243.19.195,DIMM.Socket.B5,32768,HMA84GR7AFR4N-VK,117D480C
7,founders,10.243.19.195,DIMM.Socket.B4,32768,HMA84GR7AFR4N-VK,117D48E2
8,founders,10.243.19.195,DIMM.Socket.A1,32768,HMA84GR7AFR4N-VK,117D4D95
9,founders,10.243.19.195,DIMM.Socket.B3,32768,HMA84GR7AFR4N-VK,117D492C
10,founders,10.243.19.195,DIMM.Socket.A2,32768,HMA84GR7AFR4N-VK,117D4DAE
11,founders,10.243.19.195,DIMM.Socket.A4,32768,HMA84GR7AFR4N-VK,51DDDDFB
0,founders,10.243.19.196,DIMM.Socket.A4,16384,HMA82GR7AFR8N-VK,521634C2
1,founders,10.243.19.196,DIMM.Socket.A2,16384,HMA82GR7AFR8N-VK,521634E9
2,founders,10.243.19.196,DIMM.Socket.A1,16384,HMA82GR7AFR8N-VK,521635BA
3,founders,10.243.19.196,DIMM.Socket.A3,16384,HMA82GR7AFR8N-VK,521634F4
0,samadams,10.243.19.132,DIMM.Socket.B1,16384,HMA82GR7AFR8N-VK,7240F6E0
1,samadams,10.243.19.132,DIMM.Socket.A6,16384,HMA82GR7AFR8N-VK,7240F65C
2,samadams,10.243.19.132,DIMM.Socket.B3,16384,HMA82GR7AFR8N-VK,7240F6DB
3,samadams,10.243.19.132,DIMM.Socket.B5,16384,HMA82GR7AFR8N-VK,7240F736
4,samadams,10.243.19.132,DIMM.Socket.A3,16384,HMA82GR7AFR8N-VK,7240F6F2
5,samadams,10.243.19.132,DIMM.Socket.A5,16384,HMA82GR7AFR8N-VK,7240F64D
6,samadams,10.243.19.132,DIMM.Socket.B4,16384,HMA82GR7AFR8N-VK,7240F6DF
7,samadams,10.243.19.132,DIMM.Socket.A4,16384,HMA82GR7AFR8N-VK,7240F668
8,samadams,10.243.19.132,DIMM.Socket.A1,16384,HMA82GR7AFR8N-VK,7240F6D4
9,samadams,10.243.19.132,DIMM.Socket.B2,16384,HMA82GR7AFR8N-VK,7240F6F8
10,samadams,10.243.19.132,DIMM.Socket.B6,16384,HMA82GR7AFR8N-VK,7240F738
11,samadams,10.243.19.132,DIMM.Socket.A2,16384,HMA82GR7AFR8N-VK,7240F6FF
0,samadams,10.243.19.133,DIMM.Socket.B2,16384,HMA82GR7AFR8N-VK,72412FA0
1,samadams,10.243.19.133,DIMM.Socket.A1,16384,HMA82GR7AFR8N-VK,72412ECC
2,samadams,10.243.19.133,DIMM.Socket.B6,16384,HMA82GR7AFR8N-VK,72412F2E
3,samadams,10.243.19.133,DIMM.Socket.B4,16384,HMA82GR7AFR8N-VK,72412F96
4,samadams,10.243.19.133,DIMM.Socket.A2,16384,HMA82GR7AFR8N-VK,72412FA8
5,samadams,10.243.19.133,DIMM.Socket.A4,16384,HMA82GR7AFR8N-VK,72412FAB
6,samadams,10.243.19.133,DIMM.Socket.B5,16384,HMA82GR7AFR8N-VK,72412F2A
7,samadams,10.243.19.133,DIMM.Socket.B3,16384,HMA82GR7AFR8N-VK,72412F94
8,samadams,10.243.19.133,DIMM.Socket.A5,16384,HMA82GR7AFR8N-VK,72412F89
9,samadams,10.243.19.133,DIMM.Socket.A6,16384,HMA82GR7AFR8N-VK,72412F5F
10,samadams,10.243.19.133,DIMM.Socket.B1,16384,HMA82GR7AFR8N-VK,72412F93
11,samadams,10.243.19.133,DIMM.Socket.A3,16384,HMA82GR7AFR8N-VK,72412F9D
0,samadams,10.243.19.135,DIMM.Socket.A4,16384,M393A2K43CB2-CTD,39F422BF
1,samadams,10.243.19.135,DIMM.Socket.B4,16384,HMA82GR7AFR8N-VK,72412F1F
2,samadams,10.243.19.135,DIMM.Socket.A2,16384,HMA82GR7AFR8N-VK,72412F6B
3,samadams,10.243.19.135,DIMM.Socket.B3,16384,HMA82GR7AFR8N-VK,72412F71
4,samadams,10.243.19.135,DIMM.Socket.B6,16384,HMA82GR7AFR8N-VK,72412F53
5,samadams,10.243.19.135,DIMM.Socket.A5,16384,HMA82GR7AFR8N-VK,72412F95
6,samadams,10.243.19.135,DIMM.Socket.B1,16384,HMA82GR7AFR8N-VK,72412F67
7,samadams,10.243.19.135,DIMM.Socket.A1,16384,HMA82GR7AFR8N-VK,72412F29
8,samadams,10.243.19.135,DIMM.Socket.B5,16384,HMA82GR7AFR8N-VK,72412F54
9,samadams,10.243.19.135,DIMM.Socket.A6,16384,HMA82GR7AFR8N-VK,72412F91
10,samadams,10.243.19.135,DIMM.Socket.B2,16384,HMA82GR7AFR8N-VK,72412F6F
11,samadams,10.243.19.135,DIMM.Socket.A3,16384,HMA82GR7AFR8N-VK,72412F99
0,samadams,10.243.19.134,DIMM.Socket.B5,16384,HMA82GR7AFR8N-VK,7240F6CB
1,samadams,10.243.19.134,DIMM.Socket.A2,16384,HMA82GR7AFR8N-VK,7240F6CD
2,samadams,10.243.19.134,DIMM.Socket.B3,16384,HMA82GR7AFR8N-VK,7240F6E4
3,samadams,10.243.19.134,DIMM.Socket.A3,16384,HMA82GR7AFR8N-VK,7240F6B1
4,samadams,10.243.19.134,DIMM.Socket.A5,16384,HMA82GR7AFR8N-VK,7240F6A8
5,samadams,10.243.19.134,DIMM.Socket.B1,16384,HMA82GR7AFR8N-VK,7240F6D3
6,samadams,10.243.19.134,DIMM.Socket.B6,16384,HMA82GR7AFR8N-VK,7240F670
7,samadams,10.243.19.134,DIMM.Socket.A6,16384,HMA82GR7AFR8N-VK,7240F6CE
8,samadams,10.243.19.134,DIMM.Socket.B4,16384,HMA82GR7AFR8N-VK,7240F6D9
9,samadams,10.243.19.134,DIMM.Socket.A4,16384,HMA82GR7AFR8N-VK,7240F6AD
10,samadams,10.243.19.134,DIMM.Socket.A1,16384,HMA82GR7AFR8N-VK,7240F715
11,samadams,10.243.19.134,DIMM.Socket.B2,16384,HMA82GR7AFR8N-VK,7240F6DA
0,samadams,10.243.19.136,DIMM.Socket.A3,16384,HMA82GR7AFR8N-VK,72412B21
1,samadams,10.243.19.136,DIMM.Socket.A5,16384,HMA82GR7AFR8N-VK,72412AFB
2,samadams,10.243.19.136,DIMM.Socket.B5,16384,HMA82GR7AFR8N-VK,72412AFA
3,samadams,10.243.19.136,DIMM.Socket.A6,16384,HMA82GR7AFR8N-VK,72412AF6
4,samadams,10.243.19.136,DIMM.Socket.A2,16384,HMA82GR7AFR8N-VK,72412B1F
5,samadams,10.243.19.136,DIMM.Socket.A4,16384,HMA82GR7AFR8N-VK,72412A61
6,samadams,10.243.19.136,DIMM.Socket.B6,16384,HMA82GR7AFR8N-VK,72412AFC
7,samadams,10.243.19.136,DIMM.Socket.B1,16384,HMA82GR7AFR8N-VK,72412B09
8,samadams,10.243.19.136,DIMM.Socket.A1,16384,HMA82GR7AFR8N-VK,72412AF8
9,samadams,10.243.19.136,DIMM.Socket.B2,16384,HMA82GR7AFR8N-VK,72412B01
10,samadams,10.243.19.136,DIMM.Socket.B4,16384,HMA82GR7AFR8N-VK,72412AFD
11,samadams,10.243.19.136,DIMM.Socket.B3,16384,HMA82GR7AFR8N-VK,72412B00
0,samadams,10.243.19.137,DIMM.Socket.B2,16384,HMA82GR7AFR8N-VK,7240F723
1,samadams,10.243.19.137,DIMM.Socket.B5,16384,HMA82GR7AFR8N-VK,7240F71A
2,samadams,10.243.19.137,DIMM.Socket.B6,16384,HMA82GR7AFR8N-VK,7240F729
3,samadams,10.243.19.137,DIMM.Socket.B4,16384,HMA82GR7AFR8N-VK,7240F71E
4,samadams,10.243.19.137,DIMM.Socket.B1,16384,HMA82GR7AFR8N-VK,7240F71D
5,samadams,10.243.19.137,DIMM.Socket.A1,16384,HMA82GR7AFR8N-VK,7240F71B
6,samadams,10.243.19.137,DIMM.Socket.A3,16384,HMA82GR7AFR8N-VK,7240F699
7,samadams,10.243.19.137,DIMM.Socket.B3,16384,HMA82GR7AFR8N-VK,7240F730
8,samadams,10.243.19.137,DIMM.Socket.A2,16384,HMA82GR7AFR8N-VK,7240F742
9,samadams,10.243.19.137,DIMM.Socket.A5,16384,HMA82GR7AFR8N-VK,7240F741
10,samadams,10.243.19.137,DIMM.Socket.A6,16384,HMA82GR7AFR8N-VK,7240F744
11,samadams,10.243.19.137,DIMM.Socket.A4,16384,HMA82GR7AFR8N-VK,7240F73E
0,samadams,10.243.19.138,DIMM.Socket.A4,16384,HMA82GR7AFR8N-VK,328815D1
1,samadams,10.243.19.138,DIMM.Socket.A3,16384,HMA82GR7AFR8N-VK,32880F62
2,samadams,10.243.19.138,DIMM.Socket.A1,16384,HMA82GR7AFR8N-VK,328815D5
3,samadams,10.243.19.138,DIMM.Socket.A2,16384,HMA82GR7AFR8N-VK,3288180D
0,samadams,10.243.19.139,DIMM.Socket.A1,16384,HMA82GR7AFR8N-VK,328817FE
1,samadams,10.243.19.139,DIMM.Socket.A3,16384,HMA82GR7AFR8N-VK,328815DA
2,samadams,10.243.19.139,DIMM.Socket.A4,16384,HMA82GR7AFR8N-VK,32881845
3,samadams,10.243.19.139,DIMM.Socket.A2,16384,HMA82GR7AFR8N-VK,328815C5
